Name;Locality;Label
Aven d'Orgnac;Orgnac L'Aven;Grand Site de France
Baie de Somme;Abbeville;Grand Site de France
Ballon d'Alsace;Munster;Grand Site de France (En cours)
Bibracte - Mont Beuvray;Glux-en-Glenne;Grand Site de France
Bonifacio;Bonifacio;Grand Site de France (En cours)
Camargue Gardoise;Vauvert;Grand Site de France
Canal du Midi - Béziers;Béziers;Grand Site de France (En cours)
Cap d'Erquy - Cap Fréhel;Plévenon;Grand Site de France
Chambord;Chambord;Grand Site de France (En cours)
Cirque de Navacelles;Navacelles;Grand Site de France
Cirque de Sixt Fer à Cheval;Sixt-Fer-à-Cheval;Grand Site de France (En cours)
Cité de Carcassonne;Carcassonne;Grand Site de France (En cours)
Cité de Minerve, Gorges de la Cesse et du Brian;Saint-Chinian;Grand Site de France (En cours)
Conca d'Oru, vignoble de Patrimonio - golfe de Saint-Florent;Saint-Florent;Grand Site de France
Concors-Sainte-Victoire;Beaurecueil;Grand Site de France
Dune du Pilat;Pyla-sur-Mer;Grand Site de France (En cours)
Dunes de Flandre;Dunkerque;Grand Site de France (En cours)
Dunes Sauvages de Gâvres à Quiberon;Erdeven;Grand Site de France
Estuaire de la Charente – Arsenal de Rochefort;Rochefort;Grand Site de France
Falaises d’Etretat, Côte d’Albâtre;Étretat;Grand Site de France (En cours)
Fontaine de Vaucluse;L'Isle-sur-la-Sorgue;Grand Site de France (En cours)
Gorges de l'Ardèche;Saint-Remèze;Grand Site de France (En cours)
Gorges de l’Hérault;Gignac;Grand Site de France
Gorges du Gardon;Sainte-Anastasie;Grand Site de France (En cours)
Gorges du Tarn, de la Jonte et causses;Florac-Trois-Rivières;Grand Site de France (En cours)
Gorges du Verdon;Moustiers-Sainte-Marie;Grand Site de France (En cours)
Havre du Payré;La Roche-sur-Yon;Grand Site de France (En cours)
Iles Sanguinaires - pointe de la Parata;Ajaccio;Grand Site de France
La Hague;La Hague;Grand Site de France (En cours)
Les Deux-Caps Blanc-Nez, Gris-Nez;Audinghen;Grand Site de France
Marais Poitevin;Coulon;Grand Site de France
Massif de l'Estérel;Fréjus;Grand Site de France (En cours)
Massif des Ocres;Apt;Grand Site de France (En cours)
Massif du Canigó;Prades;Grand Site de France
Montségur;Montségur;Grand Site de France (En cours)
Pointe du Raz en Cap Sizun;Plogoff;Grand Site de France
Pont du Gard;Vers-Pont-du-Gard;Grand Site de France
Presqu'île de Giens et Salins d'Hyères;Hyères;Grand Site de France (En cours)
Puy de Dôme;Clermont-Ferrand;Grand Site de France
Puy Mary - Volcan du Cantal;Mandailles-Saint-Julien;Grand Site de France
Rocamadour;Rocamadour;Grand Site de France (En cours)
Salagou - Cirque de Mourèze;Clermont-l'Hérault;Grand Site de France (En cours)
Solutré Pouilly Vergisson;Solutré-Pouilly;Grand Site de France
Vallée de la Vézère;Les Eyzies-de-Tayac;Grand Site de France
Vallée du Hérisson - Plateau des 7 Lacs;Clairvaux-les-Lacs;Grand Site de France (En cours)
Vézelay;Vézelay;Grand Site de France (En cours)
Vignobles et Reculées du Jura;Voiteur;Grand Site de France (En cours)