Name;Department;Link;Label
Ambert;Puy de Dôme;https://www.plusbeauxdetours.com/tous-les-plus-beaux-detours/detour-par-ambert-dans-le-puy-de-dome/;Les Plus Beaux Détours de France
Argentan;Orne;https://www.plusbeauxdetours.com/tous-les-plus-beaux-detours/detour-par-argentan-dans-lorne/;Les Plus Beaux Détours de France
L’Argentière-la-Bessée;Haute-Alpes;https://www.plusbeauxdetours.com/tous-les-plus-beaux-detours/detour-par-largentiere-la-bessee-dans-les-haute-alpes/;Les Plus Beaux Détours de France
Aubusson;Creuse;https://www.plusbeauxdetours.com/tous-les-plus-beaux-detours/detour-par-aubusson-dans-la-creuse/;Les Plus Beaux Détours de France
Avallon;Yonne;https://www.plusbeauxdetours.com/tous-les-plus-beaux-detours/detour-par-avallon-dans-lyonne/;Les Plus Beaux Détours de France
Bar-le-Duc;Meuse;https://www.plusbeauxdetours.com/tous-les-plus-beaux-detours/detour-par-bar-le-duc-dans-la-meuse/;Les Plus Beaux Détours de France
Baugé-en-Anjou;Maine-et-Loire;https://www.plusbeauxdetours.com/tous-les-plus-beaux-detours/detour-par-bauge-en-anjou-maine-et-loire/;Les Plus Beaux Détours de France
Beaugency;Loiret;https://www.plusbeauxdetours.com/tous-les-plus-beaux-detours/detour-par-beaugency-en-loiret/;Les Plus Beaux Détours de France
Bergues;Nord;https://www.plusbeauxdetours.com/tous-les-plus-beaux-detours/detour-par-bergues-dans-le-nord/;Les Plus Beaux Détours de France
Biot;Alpes Maritimes;https://www.plusbeauxdetours.com/tous-les-plus-beaux-detours/detour-par-biot-dans-les-alpes-maritimes/;Les Plus Beaux Détours de France
Bitche;Moselle;https://www.plusbeauxdetours.com/tous-les-plus-beaux-detours/detour-par-bitche-en-moselle/;Les Plus Beaux Détours de France
Brantôme;Dordogne;https://www.plusbeauxdetours.com/tous-les-plus-beaux-detours/detour-par-brantome-en-dordogne/;Les Plus Beaux Détours de France
Brioude;Haute-Loire;https://www.plusbeauxdetours.com/tous-les-plus-beaux-detours/detour-par-brioude-en-haute-loire/;Les Plus Beaux Détours de France
Charlieu;Loire;https://www.plusbeauxdetours.com/tous-les-plus-beaux-detours/detour-par-charlieu-dans-la-loire/;Les Plus Beaux Détours de France
Château-Gontier;Mayenne;https://www.plusbeauxdetours.com/tous-les-plus-beaux-detours/detour-par-chateau-gontier-en-mayenne/;Les Plus Beaux Détours de France
Châteaudun;Eure-et-Loir;https://www.plusbeauxdetours.com/tous-les-plus-beaux-detours/detour-par-chateaudun-en-eure-et-loir/;Les Plus Beaux Détours de France
Châtillon-sur-Chalaronne;Ain;https://www.plusbeauxdetours.com/tous-les-plus-beaux-detours/detour-par-chatillon-sur-chalaronne-dans-lain/;Les Plus Beaux Détours de France
Châtillon-sur-Seine;Côte-d’Or;https://www.plusbeauxdetours.com/tous-les-plus-beaux-detours/detour-par-chatillon-sur-seine-en-cote-dor/;Les Plus Beaux Détours de France
La Châtre;Indre;https://www.plusbeauxdetours.com/tous-les-plus-beaux-detours/detour-par-la-chatre-dans-lindre/;Les Plus Beaux Détours de France
Chauvigny;Vienne;https://www.plusbeauxdetours.com/tous-les-plus-beaux-detours/detour-par-chauvigny-dans-la-vienne/;Les Plus Beaux Détours de France
Chinon;Indre et Loire;https://www.plusbeauxdetours.com/tous-les-plus-beaux-detours/detour-par-chinon-en-indre-et-loire/;Les Plus Beaux Détours de France
Commercy;Meuse;https://www.plusbeauxdetours.com/tous-les-plus-beaux-detours/detour-par-commercy-dans-la-meuse/;Les Plus Beaux Détours de France
Crémieu;Isère;https://www.plusbeauxdetours.com/tous-les-plus-beaux-detours/detour-par-cremieu-en-isere/;Les Plus Beaux Détours de France
Crest;Drôme;https://www.plusbeauxdetours.com/tous-les-plus-beaux-detours/detour-par-crest-dans-la-drome/;Les Plus Beaux Détours de France
Dinan;Côtes-d’Armor;https://www.plusbeauxdetours.com/tous-les-plus-beaux-detours/detour-par-dinan-dans-les-cotes-darmor/;Les Plus Beaux Détours de France
Domfront;Orne;https://www.plusbeauxdetours.com/tous-les-plus-beaux-detours/detour-par-domfront-dans-lorne/;Les Plus Beaux Détours de France
Eu;Seine-Maritime;https://www.plusbeauxdetours.com/tous-les-plus-beaux-detours/detour-par-eu-en-seine-maritime/;Les Plus Beaux Détours de France
Figeac;Lot;https://www.plusbeauxdetours.com/tous-les-plus-beaux-detours/detour-par-figeac-dans-le-lot/;Les Plus Beaux Détours de France
La Flèche;Sarthe;https://www.plusbeauxdetours.com/tous-les-plus-beaux-detours/detour-par-la-fleche-dans-la-sarthe/;Les Plus Beaux Détours de France
Fontenay-le-Comte;Vendée;https://www.plusbeauxdetours.com/tous-les-plus-beaux-detours/detour-par-fontenay-le-comte-en-vendee/;Les Plus Beaux Détours de France
Forges-les-Eaux;Seine-Maritime;https://www.plusbeauxdetours.com/tous-les-plus-beaux-detours/detour-par-forges-les-eaux-en-seine-maritime/;Les Plus Beaux Détours de France
Fougères;Ille-et-Vilaine;https://www.plusbeauxdetours.com/tous-les-plus-beaux-detours/detour-par-fougeres-en-ille-et-vilaine/;Les Plus Beaux Détours de France
Givet;Ardennes;https://www.plusbeauxdetours.com/tous-les-plus-beaux-detours/detour-par-givet-dans-les-ardennes/;Les Plus Beaux Détours de France
Gourdon;Lot;https://www.plusbeauxdetours.com/tous-les-plus-beaux-detours/detour-par-gourdon-dans-le-lot/;Les Plus Beaux Détours de France
Gravelines;Nord;https://www.plusbeauxdetours.com/tous-les-plus-beaux-detours/detour-par-gravelines-dans-le-nord/;Les Plus Beaux Détours de France
Gréoux-les-Bains;Alpes-de-Haute-Provence;https://www.plusbeauxdetours.com/tous-les-plus-beaux-detours/detour-par-greoux-les-bains-dans-les-alpes-de-haute-provence/;Les Plus Beaux Détours de France
Grimaud;Var;https://www.plusbeauxdetours.com/tous-les-plus-beaux-detours/detour-par-grimaud-dans-le-var/;Les Plus Beaux Détours de France
Honfleur;Calvados;https://www.plusbeauxdetours.com/tous-les-plus-beaux-detours/detour-par-honfleur-dans-le-calvados/;Les Plus Beaux Détours de France
L’Isle-Adam;Val d’Oise;https://www.plusbeauxdetours.com/tous-les-plus-beaux-detours/detour-par-lisle-adam-dans-le-val-doise/;Les Plus Beaux Détours de France
Issoire;Puy-de-Dôme;https://www.plusbeauxdetours.com/tous-les-plus-beaux-detours/detour-par-issoire-dans-le-puy-de-dome/;Les Plus Beaux Détours de France
Joigny;Yonne;https://www.plusbeauxdetours.com/tous-les-plus-beaux-detours/detour-par-joigny-dans-lyonne/;Les Plus Beaux Détours de France
Jonzac;Charente-Maritime;https://www.plusbeauxdetours.com/tous-les-plus-beaux-detours/detour-par-jonzac-en-charente-maritime/;Les Plus Beaux Détours de France
Langres;Haute-Marne;https://www.plusbeauxdetours.com/tous-les-plus-beaux-detours/detour-par-langres-en-haute-marne/;Les Plus Beaux Détours de France
Lapalisse;Allier;https://www.plusbeauxdetours.com/tous-les-plus-beaux-detours/detour-par-lapalisse-dans-lallier/;Les Plus Beaux Détours de France
Lectoure;Gers;https://www.plusbeauxdetours.com/tous-les-plus-beaux-detours/detour-par-lectoure-dans-le-gers/;Les Plus Beaux Détours de France
Limoux;Aude;https://www.plusbeauxdetours.com/tous-les-plus-beaux-detours/detour-par-limoux-dans-laude/;Les Plus Beaux Détours de France
Loches;Indre-et-Loire;https://www.plusbeauxdetours.com/tous-les-plus-beaux-detours/detour-par-loches-en-indre-et-loire/;Les Plus Beaux Détours de France
Loudun;Vienne;https://www.plusbeauxdetours.com/tous-les-plus-beaux-detours/detour-par-loudun-dans-la-vienne/;Les Plus Beaux Détours de France
Louhans-Châteaurenaud;Saône-et-Loire;https://www.plusbeauxdetours.com/tous-les-plus-beaux-detours/detour-par-louhans-chateaurenaud-en-saone-et-loire/;Les Plus Beaux Détours de France
Lunéville;Meurthe-et-Moselle;https://www.plusbeauxdetours.com/tous-les-plus-beaux-detours/detour-par-luneville-en-meurthe-et-moselle/;Les Plus Beaux Détours de France
Mauriac;Cantal;https://www.plusbeauxdetours.com/tous-les-plus-beaux-detours/detour-par-mauriac-dans-le-cantal/;Les Plus Beaux Détours de France
Mazamet;Tarn;https://www.plusbeauxdetours.com/tous-les-plus-beaux-detours/detour-par-mazamet-dans-le-tarn/;Les Plus Beaux Détours de France
Mehun-sur-Yèvre;Cher;https://www.plusbeauxdetours.com/tous-les-plus-beaux-detours/detour-par-mehun-sur-yevre-dans-le-cher/;Les Plus Beaux Détours de France
Meymac;Corrèze;https://www.plusbeauxdetours.com/tous-les-plus-beaux-detours/detour-par-meymac-en-correze/;Les Plus Beaux Détours de France
Montargis;Loiret;https://www.plusbeauxdetours.com/tous-les-plus-beaux-detours/detour-par-montargis-en-loiret/;Les Plus Beaux Détours de France
Montreuil-Bellay;Maine-et-Loire;https://www.plusbeauxdetours.com/tous-les-plus-beaux-detours/detour-par-montreuil-bellay-dans-le-maine-et-loire/;Les Plus Beaux Détours de France
Montreuil-sur-Mer;Pas-de-Calais;https://www.plusbeauxdetours.com/tous-les-plus-beaux-detours/detour-par-montreuil-sur-mer-dans-le-pas-de-calais/;Les Plus Beaux Détours de France
Moret-sur-Loing;Seine-et-Marne;https://www.plusbeauxdetours.com/tous-les-plus-beaux-detours/detour-par-moret-sur-loing-en-seine-et-marne/;Les Plus Beaux Détours de France
Néris-les-Bains;Allier;https://www.plusbeauxdetours.com/tous-les-plus-beaux-detours/detour-par-neris-les-bains-dans-lallier/;Les Plus Beaux Détours de France
Neufchâteau;Vosges;https://www.plusbeauxdetours.com/tous-les-plus-beaux-detours/detour-par-neufchateau-dans-les-vosges/;Les Plus Beaux Détours de France
Nogent-le-Rotrou;Eure-et-Loir;https://www.plusbeauxdetours.com/tous-les-plus-beaux-detours/detour-par-nogent-le-rotrou-en-eure-et-loir/;Les Plus Beaux Détours de France
Nyons;Drôme;https://www.plusbeauxdetours.com/tous-les-plus-beaux-detours/detour-par-nyons-dans-la-drome/;Les Plus Beaux Détours de France
Obernai;Bas-Rhin;https://www.plusbeauxdetours.com/tous-les-plus-beaux-detours/detour-par-obernai-dans-le-bas-rhin/;Les Plus Beaux Détours de France
Ollioules;Var;https://www.plusbeauxdetours.com/tous-les-plus-beaux-detours/detour-par-ollioules-dans-le-var/;Les Plus Beaux Détours de France
Ornans;Doubs;https://www.plusbeauxdetours.com/tous-les-plus-beaux-detours/detour-par-ornans-dans-le-doubs/;Les Plus Beaux Détours de France
Paimpol;Côtes d’Armor;https://www.plusbeauxdetours.com/tous-les-plus-beaux-detours/detour-par-paimpol-dans-les-cotes-darmor/;Les Plus Beaux Détours de France
Pernes-les-Fontaines;Vaucluse;https://www.plusbeauxdetours.com/tous-les-plus-beaux-detours/detour-par-pernes-les-fontaines-dans-le-vaucluse/;Les Plus Beaux Détours de France
Pézenas;Hérault;https://www.plusbeauxdetours.com/tous-les-plus-beaux-detours/detour-par-pezenas-dans-lherault/;Les Plus Beaux Détours de France
Plombières-les-Bains;Vosges;https://www.plusbeauxdetours.com/tous-les-plus-beaux-detours/detour-par-plombieres-les-bains-dans-les-vosges/;Les Plus Beaux Détours de France
Pont-Audemer;Eure;https://www.plusbeauxdetours.com/tous-les-plus-beaux-detours/detour-par-pont-audemer-dans-leure/;Les Plus Beaux Détours de France
Pont-Aven;Finistère;https://www.plusbeauxdetours.com/tous-les-plus-beaux-detours/detour-par-pont-aven-dans-le-finistere/;Les Plus Beaux Détours de France
Pontarlier;Doubs;https://www.plusbeauxdetours.com/tous-les-plus-beaux-detours/detour-par-pontarlier-dans-le-doubs/;Les Plus Beaux Détours de France
Pontivy;Morbihan;https://www.plusbeauxdetours.com/tous-les-plus-beaux-detours/detour-par-pontivy-dans-le-morbihan/;Les Plus Beaux Détours de France
Le Puy en Velay;Haute-Loire;https://www.plusbeauxdetours.com/tous-les-plus-beaux-detours/detour-par-le-puy-en-velay-en-haute-loire/;Les Plus Beaux Détours de France
Prades;Pyrénées-orientales;https://www.plusbeauxdetours.com/tous-les-plus-beaux-detours/detour-par-prades-dans-les-pyrenees-orientales/;Les Plus Beaux Détours de France
Provins;Seine-et-Marne;https://www.plusbeauxdetours.com/tous-les-plus-beaux-detours/detour-par-provins-en-seine-et-marne/;Les Plus Beaux Détours de France
Revel Saint-Ferréol;Haute-Garonne;https://www.plusbeauxdetours.com/tous-les-plus-beaux-detours/detour-par-revel-saint-ferreol-en-haute-garonne/;Les Plus Beaux Détours de France
Rieux-Volvestre;Haute-Garonne;https://www.plusbeauxdetours.com/tous-les-plus-beaux-detours/detour-par-rieux-volvestre-en-haute-garonne/;Les Plus Beaux Détours de France
La Roche-sur-Foron;Haute-Savoie;https://www.plusbeauxdetours.com/tous-les-plus-beaux-detours/detour-par-la-roche-sur-foron-en-haute-savoie/;Les Plus Beaux Détours de France
Saint-Amand-les-Eaux;Nord;https://www.plusbeauxdetours.com/tous-les-plus-beaux-detours/detour-par-saint-amand-les-eaux-dans-le-nord/;Les Plus Beaux Détours de France
Saint-Claude;Jura;https://www.plusbeauxdetours.com/tous-les-plus-beaux-detours/detour-par-saint-claude-dans-le-jura/;Les Plus Beaux Détours de France
Saint-Cyr-sur-Mer;Var;https://www.plusbeauxdetours.com/tous-les-plus-beaux-detours/detour-par-saint-cyr-sur-mer-dans-le-var/;Les Plus Beaux Détours de France
Saint-Galmier;Loire;https://www.plusbeauxdetours.com/tous-les-plus-beaux-detours/detour-par-saint-galmier-dans-la-loire/;Les Plus Beaux Détours de France
Saint-Jean-d’Angély;Charente Maritime;https://www.plusbeauxdetours.com/tous-les-plus-beaux-detours/detour-par-saint-jean-dangely-en-charente-maritime/;Les Plus Beaux Détours de France
Saint-Jean-de-Maurienne;Savoie;https://www.plusbeauxdetours.com/tous-les-plus-beaux-detours/detour-par-saint-jean-de-maurienne-en-savoie/;Les Plus Beaux Détours de France
Saint-Laurent du Maroni;Guyane;https://www.plusbeauxdetours.com/tous-les-plus-beaux-detours/detour-par-saint-laurent-du-maroni-en-guyane/;Les Plus Beaux Détours de France
Saint-Léonard de Noblat;Haute-Vienne;https://www.plusbeauxdetours.com/tous-les-plus-beaux-detours/detour-par-saint-leonard-de-noblat-en-haute-vienne/;Les Plus Beaux Détours de France
Saint-Renan;Finistère;https://www.plusbeauxdetours.com/tous-les-plus-beaux-detours/detour-par-saint-renan-dans-le-finistere/;Les Plus Beaux Détours de France
Saint-Symphorien-sur-Coise;Rhône;https://www.plusbeauxdetours.com/tous-les-plus-beaux-detours/detour-par-saint-symphorien-sur-coise-dans-le-rhone/;Les Plus Beaux Détours de France
Saint-Valery-sur-Somme;Somme;https://www.plusbeauxdetours.com/tous-les-plus-beaux-detours/detour-par-saint-valery-sur-somme-dans-la-somme/;Les Plus Beaux Détours de France
Saint-Yrieix-la-Perche;Haute-Vienne;https://www.plusbeauxdetours.com/tous-les-plus-beaux-detours/detour-par-saint-yrieix-la-perche-en-haute-vienne/;Les Plus Beaux Détours de France
Les Saintes Maries de la Mer;Bouches du Rhône;https://www.plusbeauxdetours.com/tous-les-plus-beaux-detours/detour-par-les-saintes-maries-de-la-mer-dans-les-bouches-du-rhone/;Les Plus Beaux Détours de France
Sancerre;Cher;https://www.plusbeauxdetours.com/tous-les-plus-beaux-detours/detour-par-sancerre-dans-le-cher/;Les Plus Beaux Détours de France
Sarlat;Dordogne;https://www.plusbeauxdetours.com/tous-les-plus-beaux-detours/detour-par-sarlat-en-dordogne/;Les Plus Beaux Détours de France
Sisteron;Alpes de Haute Provence;https://www.plusbeauxdetours.com/tous-les-plus-beaux-detours/detour-par-sisteron-dans-les-alpes-de-haute-provence/;Les Plus Beaux Détours de France
Thann;Haut-Rhin;https://www.plusbeauxdetours.com/tous-les-plus-beaux-detours/detour-par-thann-dans-le-haut-rhin/;Les Plus Beaux Détours de France
Toul;Meurthe-et-Moselle;https://www.plusbeauxdetours.com/tous-les-plus-beaux-detours/detour-par-toul-en-meurthe-et-moselle/;Les Plus Beaux Détours de France
Trévoux;Ain;https://www.plusbeauxdetours.com/tous-les-plus-beaux-detours/detour-par-trevoux-dans-lain/;Les Plus Beaux Détours de France
Uzerche;Corrèze;https://www.plusbeauxdetours.com/tous-les-plus-beaux-detours/detour-par-uzerche-en-correze/;Les Plus Beaux Détours de France
Vaison-la-Romaine;Vaucluse;https://www.plusbeauxdetours.com/tous-les-plus-beaux-detours/detour-par-vaison-la-romaine-dans-le-vaucluse/;Les Plus Beaux Détours de France
Valençay;Indre;https://www.plusbeauxdetours.com/tous-les-plus-beaux-detours/detour-par-valencay-dans-lindre/;Les Plus Beaux Détours de France
Vals-les-Bains;Ardèche;https://www.plusbeauxdetours.com/tous-les-plus-beaux-detours/detour-par-vals-les-bains-en-ardeche/;Les Plus Beaux Détours de France
Verneuil-sur-Avre;Eure;https://www.plusbeauxdetours.com/tous-les-plus-beaux-detours/detour-par-verneuil-sur-avre-dans-leure/;Les Plus Beaux Détours de France
Villefranche-de-Rouergue;Aveyron;https://www.plusbeauxdetours.com/tous-les-plus-beaux-detours/detour-par-villefranche-de-rouergue-dans-laveyron/;Les Plus Beaux Détours de France
Vitré;Ille-et-Vilaine;https://www.plusbeauxdetours.com/tous-les-plus-beaux-detours/detour-par-vitre-en-ille-et-vilaine/;Les Plus Beaux Détours de France
Wissembourg;Bas-Rhin;https://www.plusbeauxdetours.com/tous-les-plus-beaux-detours/detour-par-wissembourg-dans-le-bas-rhin/;Les Plus Beaux Détours de France